Symbol,Name,LastSale,NetChange,NetChangeDirection,PercentChange,1YrPercentChange
"IJH","iShares Core S&P Mid-Cap ETF","196.24","-0.38","down","0.19","-3.38"
"IJJ","iShares S&P Mid-Cap 400 Value ETF","162.3593","-0.5607","down","0.34","-3.21"
"IJK","iShares S&P Mid-Cap 400 Growth ETF","227.609","0.079","up","0.03","-3.74"
"IJR","iShares Core S&P Small-Cap ETF","80.16","-0.11","down","0.14","-9.91"
"IJS","iShares S&P SmallCap 600 Value ETF","153.64","-0.43","down","0.28","-9.38"
"IJT","iShares S&P Small-Cap 600 Growth ETF","185.11","-0.21","down","0.11","-10.36"
"IMFP","Invesco Multi-Factor Core Plus Fixed Income ETF","26.45","0","unch","0","7.09"
"INAU","Innovation United States ETF","27.6696","0","unch","0","6.61"
"ISMD","Inspire Small/Mid Cap Impact ETF","27.01","-0.05","down","0.18","-9.03"
"ITA","iShares Trust","225.9301","0.2301","up","0.1","7.65"
"ITB","iShares Trust","42.41","0.34","up","0.81","11.18"
"ITOT","iShares Core S&P Total U.S. Stock Market ETF","68.31","0.26","up","0.38","2.33"
"IUS","Invesco RAFI Strategic US ETF","25.95","-0.04","down","0.15","3.5"
"IUSG","iShares Core S&P U.S. Growth ETF","63.9893","0.4193","up","0.66","3.48"
"IUSS","Invesco RAFI Strategic US Small Company ETF","23.86","0.04","up","0.17","-5.48"
"IUSV","iShares Core S&P U.S. Value ETF","58.62","0.01","up","0.02","3.68"
"IVE","iShares S&P 500 Value ETF","120.81","0.11","up","0.09","3.9"
"IVOG","Vanguard S&P Mid-Cap 400 Growth ETF","141.22","0.0351","up","0.02","-3.44"
"IVOO","Vanguard S&P Mid-Cap 400 ETF","132.64","-0.24","down","0.18","-3.28"
"IVOV","Vanguard S&P Mid-Cap 400 Value ETF","124","-1.08","down","0.86","-3.12"
"IVV","iShares Core S&P 500 ETF","303.1981","1.0781","up","0.36","3.74"
"IVW","iShares S&P 500 Growth ETF","183.1025","1.2625","up","0.69","3.96"
"IWB","iShares Russell 1000 ETF","167.126","0.536","up","0.32","3.37"
"IWC","iShares Microcap ETF","91.96","-0.6601","down","0.71","-13.92"
"IWD","iShares Russell 1000 Value ETF","130.03","0.1","up","0.08","2.37"
"IWF","iShares Russell 1000 Growth ETF","162.64","1.05","up","0.65","4.58"
"IWL","iShares Russell Top 200 ETF","70.05","0.3562","up","0.51","4.04"
"IWM","iShares Russell 2000 ETF","156.72","-0.28","down","0.18","-8.2"
"IWN","iShares Russell 2000 Value ETF","122.57","-0.32","down","0.26","-8.96"
"IWO","iShares Russell 2000 Growth ETF","201.31","-0.02","down","0.01","-7.73"
"IWP","iShares Russell Midcap Growth ETF","143.911","0.611","up","0.43","5.01"
"IWR","iShares Russell Mid-Cap ETF","56.7","0.06","up","0.11","1.84"
"IWS","iShares Russell Mid-cap Value ETF","90.62","-0.16","down","0.18","-0.38"
"IWV","iShares Russell 3000 ETF","176.4133","0.2833","up","0.16","2.42"
"IWX","iShares Russell Top 200 Value ETF","55.61","0.1725","up","0.31","3.76"
"IWY","iShares Russell Top 200 Growth ETF","88.7606","0.6706","up","0.76","4.61"
"IYC","iShares U.S. Consumer Services ETF","224.2191","0.6491","up","0.29","6.29"
"IYE","iShares U.S. Energy ETF","32.5","-0.26","down","0.79","-19.13"
"IYF","iShares U.S. Financial ETF","129.27","0.42","up","0.33","3.89"
"IYG","iShares U.S. Financial Services ETF","137.81","0.27","up","0.2","0.23"
"IYH","iShares U.S. Healthcare ETF","193.26","0.48","up","0.25","-2.1"
"IYJ","iShares Trust","160.48","-0.04","down","0.02","3.14"
"IYK","iShares U.S. Consumer Goods ETF","126.93","0.5955","up","0.47","5.8"
"IYM","iShares U.S. Basic Materials ETF","93.2332","0.2932","up","0.32","-7.33"
"IYR","iShares U.S. Real Estate ETF","92.52","0.35","up","0.38","11.94"
"IYT","iShares Trust","192.89","-1.14","down","0.59","-6.61"
"IYW","iShares U.S. Technology ETF","208.24","1.22","up","0.59","8"
"IYY","iShares Dow Jones U.S. ETF","149.7905","0.5282","up","0.35","2.94"
"IYZ","iShares Trust","29.81","-0.05","down","0.17","0.98"
"JDIV","JPMorgan U.S. Dividend ETF","27.15","0.0456","up","0.17","1.67"
"JHCS","John Hancock Multifactor Media and Communications ETF","27.3824","0","unch","0","9.27"
"JHMA","John Hancock Multifactor Materials ETF","32.8547","0.0493","up","0.15","-3.74"
"JHMC","John Hancock Multifactor Consumer Discretionary ETF","34.3356","0.1333","up","0.39","3.38"
"JHME","John Hancock Multifactor Energy ETF","23.29","-0.3205","down","1.36","-23.81"
"JHMF","John Hancock Multifactor Financials ETF","38.613","0.0704","up","0.18","1.62"
"JHMH","John Hancock Multifactor Healthcare ETF","33.715","0.0903","up","0.27","-3.74"
"JHMI","John Hancock Multifactor Industrials ETF","37.91","0.1519","up","0.4","1.28"
"JHML","John Hancock Multifactor Large Cap ETF","38.7673","0.1073","up","0.28","3.54"
"JHMM","John Hancock Multifactor Mid Cap ETF","37.1141","0.0341","up","0.09","1.23"
"JHMS","John Hancock Multifactor Consumer Staples ETF","29.1905","0.1179","up","0.41","6.77"
"JHMT","John Hancock Multifactor Technology ETF","51.04","0.1774","up","0.35","7.74"
"JHMU","John Hancock Multifactor Utilities ETF","33.7434","0.1011","up","0.3","16.21"
"JHSC","John Hancock Multifactor Small Cap ETF","26.55","-0.105","down","0.39","-5.81"
"JKD","iShares Morningstar Large-Cap ETF","170.4666","0.4672","up","0.27","1.51"
"JKE","iShares Morningstar Large-Cap Growth ETF","195.2615","1.4116","up","0.73","5.98"
"JKF","iShares Morningstar Large-Cap  Value ETF","111.41","0.0333","up","0.03","3.71"
"JKG","iShares Morningstar Mid-Cap ETF","199.6943","0.1932","up","0.1","4.07"
"JKH","iShares Morningstar Mid-Cap Growth ETF","246.6001","0.9262","up","0.38","4.1"
"JKI","iShares Morningstar Mid-Cap ETF","162.3","-0.0804","down","0.05","-0.96"
"JKJ","iShares Morningstar Small-Cap ETF","178.98","0.16","up","0.09","-2.62"
"JKK","iShares Morningstar Small-Cap Growth ETF","205.1396","1.1984","up","0.59","-5.29"
"JKL","iShares Morningstar Small-Cap Value ETFnd","136.7","-0.952","down","0.69","-11.99"
"JMIN","JPMorgan U.S. Minimum Volatility ETF","30.1699","0.126","up","0.42","9.61"
"JMOM","JPMorgan U.S. Momentum Factor ETF","29.19","0.16","up","0.55","2.58"
"JPLS","JPMorgan Long/Short ETF","21.5217","0","unch","0","-3.79"
"JPME","JPMorgan Diversified Return U.S. Mid Cap Equity ETF","67.61","0.1685","up","0.25","-0.47"
"JPSE","JPMorgan Diversified Return U.S. Small Cap Equity ETF","31.09","-0.03","down","0.1","-6.1"
"JQUA","JPMorgan U.S. Quality Factor ETF","29.6011","0","unch","0","4.93"
"JSMD","Janus Henderson Small/Mid Cap Growth Alpha ETF","45.13","0.25","up","0.56","-4.65"
"JSML","Janus Henderson Small Cap Growth Alpha ETF","43.5093","1.2833","up","3.04","-8.36"
"JUST","Goldman Sachs JUST U.S. Large Cap Equity ETF","43.3878","0.2978","up","0.69","2.86"
"JVAL","JPMorgan U.S. Value Factor ETF","27.21","-0.02","down","0.07","1.26"
"KBE","SPDR S&P Bank ETF","43.85","-0.12","down","0.27","-11.15"
"KBWD","Invesco KBW High Dividend Yield Financial ETF","20.9531","-0.0746","down","0.35","-10.75"
"KBWY","Invesco KBW Premium Yield Equity REIT ETF","31.26","-0.18","down","0.57","-9.99"
"KCE","SPDR S&P Capital Markets ETF","56.72","-0.1114","down","0.2","-1.83"
"KIE","SPDR S&P Insurance ETF","34.77","-0.03","down","0.09","9.23"
"KLCD","KFA Large Cap Quality Dividend Index ETF","26.284","0.1134","up","0.43","4.25"
"KNAB","Bank Of Montreal","46.0861","0","unch","0","-7.23"
"KNG","ETF Series Solutions","44.82","0.1998","up","0.45","3.6"
"KNOW","Direxion All Cap Insider Sentiment Shares","38.8837","-0.0822","down","0.21","-8.57"
"KOL","VanEck Vectors Coal ETF","11.9409","-0.1091","down","0.91","-19.83"
"KRE","SPDR S&P Regional Banking ETF","53.72","-0.16","down","0.3","-14.87"
"KRMA","Global X Conscious Companies ETF","22.34","0.0287","up","0.13","5.29"
"KSCD","KFA Small Cap Quality Dividend Index ETF","25.8","0.0076","up","0.03","2.48"
"LEAD","Reality Shares ETF Trust","36.0894","0.169","up","0.47","4.57"
"LFEQ","VanEck Vectors NDR CMG Long/Flat Allocation ETF","28.29","0.091","up","0.32","0.75"
"LNGR","Global X Longevity Thematic ETF","21.17","0","unch","0","-3.41"
"LRGE","ClearBridge Large Cap Growth ESG ETF","35.53","0.21","up","0.59","5.62"
"LRGF","iShares Edge MSCI Multifactor USA ETF","32.49","-0.02","down","0.06","-3.42"
"LSAF","LeaderShares AlphaFactor US Core Equity ETF","25.2727","0","unch","0","0.81"
"LTL","ProShares Ultra Telecommunications ProShares","41.2646","0","unch","0","-2.72"
"LVHB","Innovator ETFs Trust II","36.5472","0.2406","up","0.66","13.35"
"LVHD","Legg Mason Low Volatility High Dividend ETF","33.44","0.08","up","0.24","6.62"
"LVUS","Lattice Strategies Trust","30.9807","0","unch","0","8.63"
"MAGA","ETF Series Solutions","27.5131","-0.0881","down","0.32","-2.98"
"ACES","ALPS ETF Trust","30.8385","-0.2528","down","0.81","20.37"
"ACSI","ETF Series Solutions","34.69","0.0602","up","0.17","1.02"
"ACT","AdvisorShares Vice ETF","24.33","0.07","up","0.29","-8.38"
"AIEQ","AI Powered Equity ETF","26.5807","0.1707","up","0.65","-10.05"
"ALFA","ETF Series Solutions","55.5171","0.3443","up","0.62","9.43"
"AMCA","iShares Russell 1000 Pure U.S. Revenue ETF","29.0904","0","unch","0","1.68"
"AMJ","J P Morgan Chase & Co","23.33","-0.15","down","0.64","-16.83"
"AMLP","Alerian MLP ETF","9.1752","-0.0548","down","0.59","-15.86"
"AMOM","QRAFT AI-Enhanced U.S. Large Cap Momentum ETF","26.68","0.6481","up","2.49","3.63"
"AMUB","UBS AG","14.7907","0","unch","0","-19.18"
"AMZA","InfraCap MLP ETF","4.95","-0.06","down","1.2","-36.18"
"AUSF","Global X Funds Global X Adaptive U.S. Factor ETF","25.0707","0.0471","up","0.19","-0.54"
"BBCA","J.P. Morgan Exchange-Traded Fund Trust","25.1302","0.0302","up","0.12","3.42"
"BBH","VanEck Vectors Biotech ETF","121.8622","-0.2701","down","0.22","-6.4"
"BBRE","J.P. Morgan Exchange-Traded Fund Trust","88.61","-0.0547","down","0.06","10.46"
"BBUS","J.P. Morgan Exchange-Traded Fund Trust","54.1401","0.1201","up","0.22","6.94"
"BDCL","ETRACS 2X Wells Fargo - BDCI","14.5","0.02","up","0.14","-9.89"
"BDCS","ETRACS 2X Wells Fargo - BDCI","20","0.0005","up","0","-3.57"
"BEMO","ETF Series Solutions","30.39","0.2942","up","0.98","-17.27"
"BFIT","Global X Health & Wellness Thematic ETF","20","0.0922","up","0.46","1.88"
"BIB","ProShares Ultra Nasdaq Biotechnology","46.7636","-0.4664","down","0.99","-27.1"
"BIS","ProShares UltraShort Nasdaq Biotechnology","18.4985","0.2955","up","1.62","7.97"
"BIZD","VanEck Vectors BDC Income ETF","16.76","0.005","up","0.03","-2.42"
"BJAN","Innovator ETFs Trust","29.2709","0.0509","up","0.17","15.77"
"BJK","VanEck Vectors Gaming ETF","37.56","0","unch","0","-4.57"
"BJUL","Innovator ETFs Trust","26.3011","0.0523","up","0.2","1.54"
"BJUN","Innovator ETFs Trust","27.0953","0","unch","0","6.76"
"BMLP","Bank Of Montreal","47.34","0","unch","0","-7.01"
"BNKD","Bank Of Montreal","36.7354","0","unch","0","-25.07"
"BNKO","Bank Of Montreal","54.52","-0.6779","down","1.23","9"
"BNKU","Bank Of Montreal","54.9","-1.0297","down","1.84","9.76"
"BNKZ","Bank Of Montreal","41.94","0.385","up","0.93","-15.8"
"BOSS","Global X Funds","19.321","0","unch","0","-6.44"
"BTAL","AGFiQ U.S. Market Neutral Anti-Beta Fund","23.07","0.11","up","0.48","12.71"
"BTEC","Principal Healthcare Innovators Index ETF","32.9568","0","unch","0","-10.08"
"BUL","Pacer US Cash Cows Growth ETF","24.7438","0","unch","0","-0.78"
"BUY","USCF SummerHaven SHPEI Index Fund","19.9103","0","unch","0","-28.64"
"BUYN","USCF SummerHaven SHPEN Index Fund","15.6703","0","unch","0","-41.51"
"BVAL","Brand Value ETF","17.08","0.019","up","0.11","5.06"
"CACG","ClearBridge All Cap Growth ETF","32.455","0.157","up","0.49","3.92"
"CARZ","First Trust NASDAQ Global Auto Index Fund","33.1535","0.1335","up","0.4","-5.66"
"CATH","Global X S&P 500 Catholic Values ETF","36.85","0.1748","up","0.48","2.3"
"CCOR","Cambria Core Equity ETF","27.3424","0.0649","up","0.24","6.8"
"CEZ","VictoryShares Emerging Market Volatility Wtd ETF","25.06","0","unch","0","-4.2"
"CHEP","AGFiQ U.S. Market Neutral Value Fund","20.6","-0.0252","down","0.12","-9.89"
"CHGX","Change Finance U.S. Large Cap Fossil Fuel Free ETF","22.0147","0.144","up","0.66","7.47"
"CLIX","ProShares Long Online/Short Stores ETF","50.7378","0.337","up","0.67","7.12"
"CLRG","IQ Chaikin U.S. Large Cap ETF","25.34","0.1027","up","0.41","-3.19"
"CSM","ProShares Trust","71.76","0.08","up","0.11","0.06"
"CURE","Direxion Daily Healthcare Bull 3X Shares","53.38","0.47","up","0.89","-12.18"
"CWS","AdvisorShares Focused Equity ETF","35.47","0.2771","up","0.79","2.51"
"CZA","Invesco Zacks Mid-Cap ETF","73.0967","0.1089","up","0.15","6.54"
"QABA","First Trust NASDAQ ABA Community Bank Index Fund","48.722","0.032","up","0.07","-13.73"
"QARP","Xtrackers Russell 1000 US Quality at a Reasonable Price ETF ET","28.16","0.2729","up","0.98","2.71"
"QDEF","FlexShares Quality Dividend Defensive Index Fund","45.9965","-0.0435","down","0.09","-2.23"
"QDF","FlexShares Quality Dividend Index Fund","45.8969","-0.0431","down","0.09","-3.28"
"QDIV","Global X Funds","25.4554","-0.1003","down","0.39","-1.18"
"QDYN","FlexShares Quality Dynamic Index Fund","44.73","-0.1418","down","0.32","-0.8"
"QGRO","American Century STOXX U.S. Quality Growth ETF","41.7","0.3232","up","0.78","2.75"
"QID","ProShares UltraShort QQQ","28.7536","-0.4064","down","1.39","-20.44"
"QLC","FlexShares US Quality Large Cap Index Fund","34.59","0.2032","up","0.59","-3.22"
"QLD","ProShares Ultra QQQ","101.8","1.42","up","1.41","2.83"
"QLV","FlexShares US Quality Low Volatility Index Fund","40.52","0.2366","up","0.59","0.92"
"QQEW","First Trust NASDAQ-100 Equal Weighted Index Fund","68.39","0.25","up","0.37","8.69"
"QQQ","Invesco QQQ Trust, Series 1","193.84","1.41","up","0.73","5.08"
"QQQE","Direxion NASDAQ-100 Equal Weighted Index Shares","50.965","0.2453","up","0.48","8.38"
"QQXT","First Trust NASDAQ-100 Ex-Technology Sector Index Fund","54.87","0.21","up","0.38","4.45"
"QRFT","QRAFT AI-Enhanced U.S. Large Cap ETF","26.65","0.133","up","0.5","5.91"
"QSY","WisdomTree U.S. Quality Shareholder Yield Fund","88.39","-0.1499","down","0.17","1.48"
"QTEC","First Trust NASDAQ-100- Technology Index Fund","90.7456","0.3756","up","0.42","15.18"
"QYLD","Global X NASDAQ-100 Covered Call ETF","22.9831","0.0331","up","0.14","-8.82"
"RBUS","Nationwide Risk-Based U.S. Equity ETF","29.6558","0","unch","0","6.18"
"RCD","Invesco S&P 500 Equal Weight Consumer Discretionary ETF","106.14","0.0772","up","0.07","-0.72"
"RDIV","Invesco Exchange-Traded Fund Trust II Invesco S&P Ultra Divide","38.245","-0.165","down","0.43","-2.24"
"RDVY","First Trust Rising Dividend Achievers ETF","32.32","0","unch","0","2.83"
"REGL","ProShares Trust","59","-0.12","down","0.2","2.21"
"REM","iShares Trust","41.97","-0.16","down","0.38","-7.26"
"RENW","Pickens Morningstar Renewable Energy Response ETF","20.296","0.0857","up","0.42","-21.95"
"RETL","Direxion Daily Retail Bull 3X Shares ETF","24.31","-0.95","down","3.76","-50.33"
"REW","ProShares UltraShort Technology","16.085","-0.135","down","0.83","-26.61"
"REZ","iShares Trust iShares Residential Real Estate ETF","78.42","0.25","up","0.32","20.3"
"RFDA","RiverFront Dynamic US Dividend Advantage ETF","33.0455","0.1855","up","0.56","-1.48"
"RFFC","RiverFront Dynamic US Flex-Cap ETF","33.55","0.0848","up","0.25","-6.68"
"RFG","Invesco S&P Midcap 400 Pure Growth ETF","143.9157","-0.4843","down","0.34","-14.14"
"RFV","Invesco S&P Midcap 400 Pure Value ETF","65.2536","-0.4559","down","0.69","-8.46"
"RGI","Invesco S&P 500 Equal Weight Industrials Portfolio","128.8658","0.4638","up","0.36","1.14"
"RHS","Invesco S&P 500 Equal Weight Consumer Staples ETF","140.4476","0.3623","up","0.26","6.88"
"RNDV","First Trust US Equity Dividend Select ETF","22.39","0","unch","0","0.13"
"RNEM","First Trust Emerging Markets Equity Select ETF","50.31","0","unch","0","2.67"
"RNLC","First Trust Large Cap US Equity Select ETF","23.3","0","unch","0","2.1"
"RNMC","First Trust Mid Cap US Equity Select ETF","22.33","0","unch","0","-2.23"
"RNSC","First Trust Small Cap US Equity Select ETF","21.23","-0.09","down","0.42","-8.97"
"ROM","ProShares Ultra Technology","128.1394","1.4994","up","1.18","7.6"
"ROOF","IQ US Real Estate Small Cap ETF","25.74","-0.06","down","0.23","-4.05"
"RORE","Hartford Multifactor REIT ETF","16.24","-0.1066","down","0.65","3.2"
"ROUS","Hartford Multifactor U.S. Equity ETF","32.5179","0.1483","up","0.46","-2.3"
"RPG","Invesco S&P 500 Pure Growth ETF","119.72","0.33","up","0.28","0.01"
"RPV","Invesco S&P 500 Pure Value ETF","65.59","-0.36","down","0.55","-4.48"
"RSP","Invesco S&P 500 Equal Weight ETF","109.59","0.05","up","0.05","2.41"
"RTM","Invesco S&P 500 Equal Weight Materials ETF","109.9425","-0.0575","down","0.05","1.18"
"RVRS","ETF Series Solutions","16.914","-0.0726","down","0.43","0.63"
"RWDC","Direxion MSCI Defensives Over Cyclicals ETF","51.0104","0","unch","0","2.37"
"RWGV","Direxion Russell 1000 Growth Over Value ETF","60.6","0.5131","up","0.85","18.05"
"RWJ","Invesco Exchange-Traded Fund Trust II Invesco S&P SmallCap 600","66.7","-0.5974","down","0.89","-12.97"
"RWK","Invesco Exchange-Traded Fund Trust II Invesco S&P MidCap 400 R","60.7683","-0.3232","down","0.53","-4.23"
"RWL","Invesco Exchange-Traded Fund Trust II Invesco S&P 500 Revenue","54.8762","-0.1138","down","0.21","1.63"
"RWLS","Direxion Russell Large Over Small Cap ETF","59.007","0","unch","0","17.66"
"RWM","ProShares Short Russell2000","39.47","0.07","up","0.18","5.49"
"RWR","SPDR DJ Wilshire REIT ETF","103.7835","-0.2265","down","0.22","7.79"
"RWSL","Direxion Russell Small Over Large Cap ETF","53.0303","0","unch","0","5.07"
"RWVG","Direxion Russell 1000 Value Over Growth ETF","54.77","-0.255","down","0.46","8.96"
"RWW","Invesco Exchange-Traded Fund Trust II Invesco S&P Financials R","68.587","0.1732","up","0.25","-0.11"
"RXD","ProShares UltraShort Health Care","21.88","-0.0307","down","0.14","-4.45"
"RXL","ProShares Ultra Health Care","102.07","0.6592","up","0.65","-7.08"
"RYE","Invesco S&P 500 Equal Weight Energy ETF","45.0908","-0.8692","down","1.89","-23.51"
"RYF","Invesco S&P 500 Equal Weight Financial ETF","43.639","-0.251","down","0.57","-0.34"
"RYH","Invesco S&P 500 Equal Weight Health Care ETF","200.4422","0.3822","up","0.19","0.77"
"RYJ","Invesco Raymond James SB-1 Equity ETF","43.42","-0.1833","down","0.42","-10.58"
"RYT","Invesco S&P 500 Equal Weight Technology ETF","183.38","0.6641","up","0.36","8.96"
"RYU","Invesco S&P 500 Equal Weight Utilities ETF","104.63","0.63","up","0.61","15.76"
"RYZZ","RYZZ Managed Futures Strategy Plus ETF","24.19","0","unch","0","-3.32"
"RZG","Invesco S&P Smallcap 600 Pure Growth ETF","111.47","-0.36","down","0.32","-18.32"
"RZV","Invesco S&P Smallcap 600 Pure Value ETF","65.2131","-0.2499","down","0.38","-17.02"
"SAA","ProShares Ultra SmallCap600","99.95","0.0017","up","0","-23.3"
"SBB","ProShares Short SmallCap600","31.73","0.1556","up","0.49","7.47"
"SCC","ProShares UltraShort Consumer Services","13.64","-0.1245","down","0.9","-20.3"
"SCHA","Schwab U.S. Small-Cap ETF","71.98","-0.1","down","0.14","-6.96"
"SCHB","Schwab U.S. Broad Market ETF","72.26","0.22","up","0.31","2.61"
"SCHD","Schwab US Dividend Equity ETF","55.6953","0.1553","up","0.28","4.63"
"SCHG","Schwab U.S. Large-Cap Growth ETF","85.7707","0.5807","up","0.68","4.9"
"SCHH","Schwab U.S. REIT ETF","46.72","-0.05","down","0.11","8.89"
"SCHK","Schwab 1000 Index ETF","29.6118","0.0818","up","0.28","3.61"
"SCHM","Schwab U.S. Mid Cap ETF","57.438","-0.022","down","0.04","-1.56"
"SCHV","Schwab U.S. Large-Cap Value ETF","57.41","0.02","up","0.03","2.08"
"SCHX","Schwab U.S. Large-Cap ETF","72.05","0.24","up","0.33","3.73"
"SCIU","Global X Scientific Beta US ETF","33.6375","0","unch","0","1.84"
"SDD","ProShares UltraShort SmallCap600","12.63","0.1354","up","1.08","10.57"
"SDOG","ALPS Sector Dividend Dogs ETF","44.83","-0.22","down","0.49","-2.34"
"SDP","ProShares UltraShort Utilities","15.5975","-0.101","down","0.64","-30.69"
"SDS","ProShares UltraShort S&P500","28.95","-0.2","down","0.69","-13.83"
"SDVY","First Trust SMID Cap Rising Dividend Achievers ETF","20.87","0.073","up","0.35","-4.16"
"SDY","SPDR S&P Dividend ETF","103.74","0.02","up","0.02","4.91"
"SECT","Northern Lights Fund Trust IV","29.22","-0.04","down","0.14","1.35"
"SEF","ProShares Short Financials","20.6861","-0.0889","down","0.43","-5.78"
"SFY","SoFi Select 500 ETF","10.44","0.05","up","0.48","3.74"
"SFYF","SoFi 50 ETF","19.65","0.0446","up","0.23","-2.18"
"SFYX","SoFi Next 500 ETF","10.06","-0.0275","down","0.27","0.57"
"SIJ","ProShares UltraShort Industrials","12.1816","-0.0986","down","0.8","-14.96"
"SIZ","AGFiQ U.S. Market Neutral Size Fund","17.6319","0","unch","0","-12.06"
"SKF","ProShares UltraShort Financials","16.0701","0.0101","up","0.06","-13.7"
"SKYY","First Trust Cloud Computing ETF","58.2965","0.1565","up","0.27","3.58"
"SLT","ETF Series Solutions","25.51","0","unch","0","0.43"
"SLY","SPDR S&P 600 Small Cap ETF (based on S&P SmallCap 600 Index --","69.1459","-0.1641","down","0.24","-9.95"
"SLYG","SPDR S&P 600 Small Cap Growth ETF (based on S&P SmallCap 600 G","61.84","-0.02","down","0.03","-10.5"
"SLYV","SPDR S&P 600 Small Cap Value ETF (based on S&P SmallCap Value","62.7","-0.16","down","0.25","-9.51"
"SMH","VanEck Vectors Semiconductor ETF","122.23","0.45","up","0.37","15.41"
"SMLF","iShares Edge MSCI Multifactor USA Small-Cap ETF","40.8759","0.0199","up","0.05","-7.96"
"SMMD","iShares Trust","45.6","-0.02","down","0.04","-5.23"
"SMMV","iShares Trust","34.6101","0.0001","up","0","4.5"
"SMN","ProShares UltraShort Basic Materials","26.53","0.03","up","0.11","3.52"
"SNPE","Xtrackers S&P 500 ESG ETF","26.05","0.0896","up","0.35","3.8"
"SOXL","Direxion Daily Semiconductor Bull 3x Shares","189.89","2.64","up","1.41","21.45"
"SOXS","Direxion Daily Semiconductor Bear 3x Shares","34.5748","-0.5052","down","1.44","-64.71"
"SOXX","iShares PHLX SOX Semiconductor Sector Index Fund","219.8","1.13","up","0.52","18.05"
"SPDN","Direxion Daily S&P 500 Bear 1X Shares","26.3303","-0.1338","down","0.51","-5.65"
"SPDV","AAM S&P 500 High Dividend Value ETF","26.5","-0.0516","down","0.19","-3.87"
"DBMF","iM DBi Managed Futures Strategy ETF ETF","27.22","0.0343","up","0.13","8.72"
"DDG","ProShares Short Oil & Gas","25.82","0.3198","up","1.25","18.88"
"DDM","ProShares Ultra Dow30","50.73","0.32","up","0.63","5.48"
"DES","WisdomTree U.S. SmallCap Dividend Fund","27.65","-0.1","down","0.36","-7.81"
"DESC","Xtrackers Russell 2000 Comprehensive Factor ETF","33.7","-0.1782","down","0.53","-9.99"
"DFEN","Direxion Daily Aerospace & Defense Bull 3X Shares","60.68","0.12","up","0.2","7.47"
"DFNL","Davis Select Financial ETF","23.84","0.06","up","0.25","-4"
"DHS","WisdomTree U.S. High Dividend Fund","74.559","-0.011","down","0.01","3.13"
"DIA","SPDR Dow Jones Industrial Average ETF","272.48","0.79","up","0.29","4.48"
"DIG","ProShares Ultra Oil & Gas","24.58","-0.37","down","1.48","-37.87"
"DIV","Global X Super Dividend ETF","23.6351","-0.0549","down","0.23","-6.55"
"DIVB","iShares Trust","28.5","-0.075","down","0.26","4.17"
"DIVO","Amplify CWP Enhanced Dividend Income ETF","31.03","0.2399","up","0.78","4.43"
"DIVY","Realty Shares DIVS ETF","26.06","0.06","up","0.23","-3.72"
"DLN","WisdomTree U.S. LargeCap Dividend Fund","99.5521","0.0621","up","0.06","4.59"
"DMRI","DeltaShares S&P International Managed Risk ETF","48.848","0.233","up","0.48","-2.36"
"DMRL","DeltaShares S&P 500 Managed Risk ETF","57.3892","0","unch","0","-0.05"
"DMRM","DeltaShares S&P 400 Managed Risk ETF","51.43","-0.625","down","1.2","-8.09"
"DMRS","DeltaShares S&P 600 Managed Risk ETF","52.9528","-0.1422","down","0.27","-12.31"
"DOG","ProShares Short Dow30","52.05","-0.16","down","0.31","-6.65"
"DON","WisdomTree U.S. MidCap Dividend Fund","36.502","-0.068","down","0.19","-1.98"
"DPST","Direxion Daily Regional Banks Bull 3X Shares","41.292","-0.608","down","1.45","-49.17"
"DQML","Reality Shares Fundstrat DQM Long ETF","26.5116","0","unch","0","8.48"
"DRN","Direxion Daily Real Estate Bull 3x Shares","29.0082","0.3564","up","1.24","22.86"
"DRV","Drexion Daily Real Estate Bear 3x Shares","28.1","-0.2843","down","1","-36"
"DSTL","Distillate U.S. Fundamental Stability & Value ETF","28.28","0.1354","up","0.48","14.83"
"DTD","WisdomTree U.S. Total Dividend Fund","99.3338","-0.1595","down","0.16","3.42"
"DTN","WisdomTree U.S. Dividend ex-Financials Fund","88.2282","0.0497","up","0.06","-3"
"DUG","ProShares UltraShort Oil & Gas","42.49","0.67","up","1.6","29.47"
"DURA","VanEck Vectors Morningstar Durable Dividend ETF","28.7","0.143","up","0.5","12.38"
"DUSA","Davis Select U.S. Equity ETF","24.2794","0.2098","up","0.87","-4.79"
"DUSL","Direxion Daily Industrials Bull 3X Shares","33.3672","-0.1098","down","0.33","-6.25"
"DVP","Deep Value ETF","31.65","-0.29","down","0.91","-9.49"
"DVY","iShares Select Dividend ETF","103.24","0.02","up","0.02","1.59"
"DVYL","ETRACS 2X Wells Fargo - BDCI","71.5331","-0.6989","down","0.97","-3.92"
"DWAQ","Invesco DWA NASDAQ Momentum ETF","113.465","1.0672","up","0.95","-3.83"
"DWAS","Invesco DWA SmallCap Momentum ETF","52.56","0.06","up","0.11","-11.29"
"DWFI","SPDR Dorsey Wright Fixed Income Allocation ETF","23.4176","-0.0424","down","0.18","0.13"
"DWMC","AdvisorShares Dorsey Wright Micro-Cap ETF","22.07","0.16","up","0.73","-14.25"
"DWPP","First Trust Dorsey Wright People's Portfolio ETF","31.57","0.083","up","0.26","3.85"
"DWSH","AdvisorShares Dorsey Wright Short ETF","25.26","0.46","up","1.85","-0.84"
"DXD","ProShares UltraShort Dow30","25.11","-0.14","down","0.55","-15.44"
"DYNF","BlackRock U.S. Equity Factor Rotation ETF","26.9892","0.1684","up","0.63","6.43"
"ECLN","First Trust EIP Carbon Impact ETF","20.4085","0","unch","0","1.75"
"EDOW","First Trust Dow 30 Equal Weight ETF","24.9404","0.0981","up","0.39","6.44"
"EEH","AB Svensk Ekportkredit (Swedish Export Credit Corporation)","21.305","-0.3491","down","1.61","-8.82"
"EES","WisdomTree U.S. SmallCap Fund","36.3041","-0.0859","down","0.24","-9.68"
"EMLP","First Trust North American Energy Infrastructure Fund","25.51","0.02","up","0.08","5.68"
"EMTY","ProShares Decline of the Retail Store ETF","35.92","-0.0032","down","0.01","20.79"
"ENTR","ERShares Entrepreneur 30 ETF","17.31","0.1529","up","0.89","-6.6"
"EPS","WisdomTree U.S. LargeCap Fund","34.06","0.07","up","0.21","4.33"
"EQL","ALPS Equal Sector Weight ETF","76.46","0.3648","up","0.48","3.94"
"EQRR","ProShares Equities for Rising Rates ETF","40.48","-0.19","down","0.47","-19.19"
"ERM","EquityCompass Risk Manager ETF","20.71","0.0299","up","0.14","-10.88"
"ERX","Direxion Energy Bull 3X Shares","16.49","-0.32","down","1.9","-49.94"
"ERY","Direxion Daily Energy Bear 3X Shares","46.67","0.92","up","2.01","26.42"
"ESG","FlexShares STOXX US ESG Impact Index Fund","71.94","0.3103","up","0.43","4.48"
"ESGL","Invesco Exchange-Traded Self-Indexed Fund Trust Invesco ESG Re","32.4","-0.1015","down","0.31","0.84"
"ESGS","Columbia Sustainable U.S. Equity Income ETF","28.749","0.0829","up","0.29","-6.14"
"ESGU","iShares ESG MSCI USA ETF","66.2753","0.3753","up","0.57","3.6"
"ESGV","Vanguard World Funds","52.67","0.12","up","0.23","4.08"
"ESML","iShares Trust","27.33","0.01","up","0.04","-4.38"
"SPHB","Invesco S&P 500 High Beta ETF","42.79","-0.0379","down","0.09","-3.63"
"SPHD","Invesco S&P 500 High Dividend Low Volatility ETF","42.8347","-0.1853","down","0.43","2.97"
"SPHQ","Invesco S&P 500 Quality ETF","33.97","0.165","up","0.49","4.72"
"SPLG","SPDR Series Trust SPDR Portfolio Large Cap ETF","35.365","0.115","up","0.33","3.83"
"SPMD","SPDR Portfolio Mid Cap ETF","34.5279","-0.1021","down","0.29","-5.59"
"SPMV","Invesco Exchange-Traded Fund Trust II","30.6571","0","unch","0","4.99"
"SPTM","SPDR Portfolio Total Stock Market ETF","37.3219","0.0919","up","0.25","3.04"
"SPVM","Invesco S&P 500 Value with Momentum ETF","40.67","-0.0868","down","0.21","3.39"
"SPXE","ProShares S&P 500 Ex-Energy ETF","63.8093","0","unch","0","5.12"
"SPXL","Direxion Daily S&P 500 Bull 3X Shares","54.1799","0.5599","up","1.04","1.07"
"SPXS","Direxion Daily S&P 500 Bear 3X","16.64","-0.18","down","1.07","-23.55"
"SPXU","ProShares UltraPro Short S&P500","25.21","-0.27","down","1.06","-23.41"
"SPY","SPDR S&P 500","301.381","1.131","up","0.38","3.87"
"SPYG","SPDR Series Trust SPDR Portfolio S&P 500 Growth ETF","39.55","0.26","up","0.66","3.97"
"SPYV","SPDR Series Trust SPDR Portfolio S&P 500 Value ETF","32.41","0","unch","0","3.71"
"SQLV","Legg Mason Small-Cap Quality Value ETF","26.759","0.509","up","1.94","-13.51"
"SQQQ","ProShares UltraPro Short QQQ","30.427","-0.673","down","2.16","-33.89"
"SRS","ProShares UltraShort Real Estate","19.57","-0.17","down","0.86","-26.54"
"SSG","ProShares UltraShort Semiconductors","19.6426","-0.2109","down","1.06","-38.5"
"SSO","ProShares Ultra S&P500","131.5","0.96","up","0.74","4.1"
"SUSA","iShares MSCI USA ESG Select ETF","124.7618","0.3876","up","0.31","5"
"SUSL","iShares ESG MSCI USA Leaders ETF","51.64","0","unch","0","6.82"
"SZK","ProShares UltraShort Consumer Goods","12.2459","-0.1415","down","1.14","-16.36"
"SZNE","Pacer CFRA-Stovall Equal Weight Seasonal Rotation ETF","29.204","0.0358","up","0.12","11.97"
"TAN","Invesco Solar ETF","29.8","-0.02","down","0.07","43.16"
"TBLU","Managed Portfolio Series","30.9124","0","unch","0","7.6"
"TDIV","First Trust NASDAQ Technology Dividend Index Fund","41.009","-0.091","down","0.22","8.44"
"TECL","Direxion Technology Bull 3X Shares","174.4777","3.2877","up","1.92","6.45"
"TECS","Direxion Technology Bear 3X Shares","10.46","-0.24","down","2.24","-44.15"
"TERM","EquityCompass Tactical Risk Manager ETF","18.01","-0.04","down","0.22","-22.5"
"TILT","FlexShares Mornigstar US Market Factors Tilt Index Fund ETF","119.25","0.3726","up","0.31","-0.74"
"TMFC","Motley Fool 100 Index ETF","22.85","0.16","up","0.71","3.32"
"TNA","Direxion Small Cap Bull 3X Shares","61.41","-0.27","down","0.44","-33.78"
"TPHD","Timothy Plan High Dividend Stock ETF","25.478","-0.0274","down","0.11","2.64"
"TPLC","Timothy Plan US Large Cap Core ETF","25.6266","0.0015","up","0.01","2.74"
"TPOR","Direxion Daily Transportation Bull 3X Shares","27.35","-0.136","down","0.49","-32.33"
"TPYP","Tortoise North American Pipeline ETF","23.4768","-0.1282","down","0.54","-1.36"
"TQQQ","ProShares UltraPro QQQ","66.6099","1.4399","up","2.21","-4.34"
"TTAC","TRIMTABS ETF TRUST","37.55","0.1449","up","0.39","-2.87"
"TWM","ProShares UltraShort Russell2000","14.32","0.05","up","0.35","6.81"
"TZA","Direxion Small Cap Bear 3X Shares","43.11","0.2","up","0.47","5.43"
"UCC","ProShares Ultra Consumer Services","115.54","1.2701","up","1.11","5.47"
"UGE","ProShares Ultra Consumer Goods","47.96","0.4416","up","0.93","11.91"
"UJAN","Innovator ETFs Trust","27.4024","0","unch","0","8.61"
"UJUL","Innovator ETFs Trust","26.1297","-0.0003","down","0","2.47"
"UJUN","Innovator ETFs Trust","26.4799","0.0591","up","0.22","4"
"ULVM","VictoryShares USAA MSCI USA Value Momentum ETF","51.5799","0.0099","up","0.02","-3.15"
"UPRO","ProShares UltraPro S&P 500","57.247","0.567","up","1","1.38"
"UPW","ProShares Ultra Utilities","66.9","0.57","up","0.86","32.77"
"URE","ProShares Ultra Real Estate","84.72","0.5999","up","0.71","23.34"
"USAI","American Energy Independence ETF","23.7251","0","unch","0","-9.62"
"USD","ProShares Ultra Semiconductors","49.3184","0.5691","up","1.17","12.12"
"USDY","Pacific Global US Equity Income ETF","27.098","0","unch","0","6.94"
"USEQ","Invesco Exchange-Traded Fund Trust II","28.71","-0.0488","down","0.17","-0.35"
"USMC","Principal U.S. Mega-Cap Multi-Factor Index ETF","29.5832","0.1086","up","0.37","5.49"
"USMF","WisdomTree Trust","30.69","0","unch","0","-0.68"
"USMV","iShares Trust","64.2","0.36","up","0.56","12.16"
"USRT","iShares Core U.S. REIT ETF","54.8902","0.0502","up","0.09","8.36"
"USVM","VictoryShares USAA MSCI USA Small Cap Value Momentum ETF","51.12","0.0854","up","0.17","-9.43"
"UTRN","Vesper US Large Cap Short-Term Reversal Strategy ETF","26.4596","0.2111","up","0.8","4.62"
"UTSL","Direxion Daily Utilities Bull 3X Shares","44.07","0.9051","up","2.1","51.24"
"UWM","ProShares Ultra Russell2000","68.94","-0.21","down","0.3","-20.27"
"UXI","ProShares Ultra Industrials","80","0.181","up","0.23","1.68"
"UYG","ProShares Ultra Financials","47.06","0.26","up","0.56","4.12"
"UYM","ProShares Ultra Basic Materials","56.59","0.1003","up","0.18","-18.15"
"VALQ","American Century STOXX U.S. Quality Value ETF","40.94","-0.1202","down","0.29","-0.82"
"VAMO","Cambria ETF Trust","20.1","-0.0627","down","0.31","-21.33"
"VAW","Vanguard Materials ETF","127.58","0.52","up","0.41","-4.8"
"VBK","Vanguard Small-Cap Growth ETF","187.79","0.24","up","0.13","-0.77"
"VBR","Vanguard Small-Cap Value ETF","131.29","-0.38","down","0.29","-6.86"
"VCR","Vanguard Consumer Discretion ETF","185.46","0.95","up","0.51","1.95"
"VDC","Vanguard Consumer Staples ETF","157.37","0.79","up","0.5","10.67"
"VDE","Vanguard Energy ETF","80.11","-0.65","down","0.8","-20.5"
"VETS","Pacer Military Times Best Employers ETF","30","0.31","up","1.04","6.89"
"VFH","Vanguard Financials ETF","70.45","-0.04","down","0.06","-1.33"
"VFLQ","Vanguard Wellington Fund","84.52","0","unch","0","0.32"
"VFMF","Vanguard Wellington Fund","76.65","-0.28","down","0.36","-7.8"
"VFMO","Vanguard Wellington Fund","82.57","0.5","up","0.61","-5.32"
"VFMV","Vanguard Wellington Fund","90.199","0.349","up","0.39","5.4"
"VFQY","Vanguard Wellington Fund","81.44","0","unch","0","-5.57"
"VFVA","Vanguard Wellington Fund","73.865","-0.595","down","0.8","-7.66"
"VGT","Vanguard Information Tech ETF","219.6638","1.5938","up","0.73","8.9"
"VHT","Vanguard Health Care ETF","171.76","0.38","up","0.22","-2.47"
"VIG","Vanguard Div Appreciation ETF","120.7668","0.6968","up","0.58","8.95"
"VIOG","Vanguard S&P Small-Cap 600 Growth ETF","158.57","-0.535","down","0.34","-10.24"
"VIOO","Vanguard S&P Small-Cap 600 ETF","146.15","-0.45","down","0.31","-9.73"
"VIOV","Vanguard S&P Small-Cap 600 Value ETF","132.49","-0.4222","down","0.32","-9.43"
"VIS","Vanguard Industrials ETF","148.194","-0.366","down","0.25","0.66"
"VLU","SPDR S&P 1500 Value Tilt ETF","106.5192","0","unch","0","-1.09"
"ETHO","Etho Climate Leadership U.S. ETF","40.02","0.0789","up","0.2","5.89"
"EUSA","iShares MSCI USA Equal Weighted ETF","60.82","0.3291","up","0.54","2.29"
"EVSTC","Eaton Vance NextShares Trust","99.98","0","unch","0","0"
"EVX","VanEck Vectors Environmental Services ETF","104.4629","0.5669","up","0.55","5.92"
"EWC","iShares MSCI Canada Index Fund","28.86","0.04","up","0.14","1.8"
"EWCO","Invesco S&P 500 Equal Weight Communication Services ETF","25.9863","0","unch","0","3"
"EWW","iShares Inc iShares MSCI Mexico ETF","42.78","0.09","up","0.21","-13.71"
"EXT","WisdomTree U.S. Total Market Fund","34.3429","-0.055","down","0.16","2.63"
"EZM","WisdomTree U.S. MidCap Fund","40.14","-0.16","down","0.4","-4.14"
"FAB","First Trust Multi Cap Value AlphaDEX Fund","54.32","-0.32","down","0.59","-5.94"
"FAD","First Trust Multi Cap Growth AlphaDEX Fund","74.715","0.335","up","0.45","-3.49"
"FALN","iShares Fallen Angels USD Bond ETF","26.8775","0.0475","up","0.18","1.55"
"FAS","Direxion Financial Bull 3X Shares","78.19","1.08","up","1.4","3.95"
"FAZ","Direxion Financial Bear 3X Shares","34.7","-0.42","down","1.2","-24.31"
"FCAN","First Trust Canada AlphaDEX Fund","23.46","0","unch","0","-4.83"
"FCG","First Trust Natural Gas ETF","11.99","-0.23","down","1.88","-44.12"
"FCOM","Fidelity MSCI Communication Services Index ETF","34.4419","0.1719","up","0.5","10.58"
"FCTR","First Trust Exchange-Traded Fund","21.9","0.1919","up","0.88","4.92"
"FDIS","Fidelity MSCI Consumer Discretionary Index ETF","47.2","0.27","up","0.58","3.76"
"FDL","First Trust Morningstar ETF","31.45","-0.12","down","0.38","6.4"
"FDLO","Fidelity Low Volatility Factor ETF","36.964","0.194","up","0.53","9.43"
"FDM","First Trust DJ Select MicroCap ETF","46.9379","-0.5043","down","1.06","-9.18"
"FDMO","Fidelity Momentum Factor ETF","35.53","0.39","up","1.11","0.14"
"FDN","First Trust DJ Internet Index Fund","140.21","1.06","up","0.76","-2.75"
"FDRR","Fidelity Dividend ETF for Rising Rates","32.71","-0.04","down","0.12","1.46"
"FDVV","Fidelity High Dividend ETF","30.5347","0.0247","up","0.08","-1.29"
"FENY","Fidelity MSCI Energy Index ETF","16.16","-0.15","down","0.92","-20.59"
"FEX","First Trust Large Cap Core AlphaDEX Fund","61.79","0.03","up","0.05","-1.12"
"FFHG","Northern Lights Fund Trust IV","26.38","-0.0484","down","0.18","-11.7"
"FHLC","Fidelity MSCI Health Care Index ETF","44.4299","0.0999","up","0.23","-2.72"
"FIDU","Fidelity MSCI Industrials Index ETF","40.4346","-0.0554","down","0.14","0.85"
"FINU","ProShares UltraPro Financial Select Sector","86.74","-0.1016","down","0.12","-13.71"
"FINZ","ProShares UltraPro Short Financial Select Sector","5.8","-0.0134","down","0.23","-15.13"
"FLAG","Exchange Traded Concepts Trust FLAG-Forensic Accounting Long-S","38.37","-0.307","down","0.79","-8.63"
"FLCA","Franklin FTSE Canada ETF","25.5","0","unch","0","3.41"
"FLLV","Franklin Liberty U.S. Low Volatility ETF","36.7667","0.2541","up","0.7","10.98"
"FLMX","Franklin FTSE Mexico ETF","21.7965","0","unch","0","-12.08"
"FLQL","Franklin Templeton ETF Trust","33.2","0.11","up","0.33","5.58"
"FLQM","Franklin Templeton ETF Trust","31.6","0.0388","up","0.12","8.61"
"FLQS","Franklin Templeton ETF Trust","28.27","0.1198","up","0.43","-7.79"
"FMAT","Fidelity MSCI Materials Index ETF","32.5684","0.0884","up","0.27","-4.95"
"FMK","First Trust Mega Cap AlphaDEX Fund","36.7127","0.083","up","0.23","0.52"
"FNCL","Fidelity MSCI Financials Index ETF","40.96","0.02","up","0.05","-1.42"
"FNG","AdvisorShares New Tech and Media ETF","10.81","0.0481","up","0.45","-52.57"
"FNK","First Trust Mid Cap Value AlphaDEX Fund","34.43","-0.098","down","0.28","-7.48"
"FNX","First Trust Mid Cap Core AlphaDEX Fund","69.0471","-0.1429","down","0.21","-4.66"
"FNY","First Trust Mid Cap Growth AlphaDEX Fund","45.9172","0.1872","up","0.41","-2.41"
"FOVL","iShares Focused Value Factor ETF","49.71","-0.0096","down","0.02","1.41"
"FPX","First Trust US Equity Opportunities ETF","78.13","0.6","up","0.77","3.06"
"FQAL","Fidelity Quality Factor ETF","35.4","0.1317","up","0.37","2.08"
"FRAK","VanEck Vectors Unconventional Oil & Gas ETF","10.8913","0","unch","0","-31.84"
"FREL","Fidelity MSCI Real Estate Index ETF","27.67","0.09","up","0.33","10.01"
"FRI","First Trust S&P REIT Index Fund","26.33","0.02","up","0.08","9.4"
"FRLG","Goldman Sachs Group, Inc. (The)","124.2057","1.7496","up","1.43","-3.88"
"FSMD","Fidelity Small-Mid Factor ETF","25.358","0.0253","up","0.1","1.69"
"FSTA","Fidelity MSCI COnsumer Staples Index ETF","36.7157","0.1821","up","0.5","11.25"
"FTA","First Trust Large Cap Value AlphaDEX Fund","52.75","-0.2183","down","0.41","-2.97"
"FTC","First Trust Large Cap Growth AlphaDEX Fund","70.58","0.57","up","0.81","0.09"
"FTEC","Fidelity MSCI Information Technology Index ETF","64.9159","0.4359","up","0.68","8.22"
"FTHI","First Trust BuyWrite Income ETF","22.6027","0.0127","up","0.06","-3.63"
"FTLB","First Trust Hedged BuyWrite Income ETF","22.41","1.12","up","5.26","-7.78"
"FTLS","First Trust Long/Short Equity","40.9682","0.1208","up","0.3","0.49"
"FTVA","ETF Series Solutions","26.57","0.0124","up","0.05","-8.52"
"FTXD","First Trust Nasdaq Retail ETF","23.727","0.047","up","0.2","-5.01"
"FTXG","First Trust Nasdaq Food & Beverage ETF","21.2656","0","unch","0","6.86"
"FTXH","First Trust Nasdaq Pharmaceuticals ETF","20.61","0","unch","0","-11.43"
"FTXL","First Trust Nasdaq Semiconductor ETF","35.7355","0.2466","up","0.69","14.7"
"FTXN","First Trust Nasdaq Oil & Gas ETF","16.38","0","unch","0","-33.12"
"FTXO","First Trust Nasdaq Bank ETF","25.7607","-0.0893","down","0.35","-12.82"
"FTXR","First Trust Nasdaq Transportation ETF","23.97","0.2335","up","0.98","-8"
"FUTY","Fidelity MSCI Utilities Index ETF","41.7","0.23","up","0.55","16.06"
"FVAL","Fidelity Value Factor ETF","34.8218","-0.1182","down","0.34","0.69"
"FVD","First Trust VL Dividend","34.998","0.038","up","0.11","9.42"
"FVL","First Trust Value Line 100 Fund","22.37","0.1766","up","0.8","-5.24"
"FXD","First Trust Cons. Discret. AlphaDEX","43.47","-0.13","down","0.3","-0.18"
"FXG","First Trust Cons. Staples AlphaDEX","48.6483","0.0433","up","0.09","0.42"
"FXH","First Trust Health Care AlphaDEX","75.64","0.08","up","0.11","-8.5"
"FXL","First Trust Technology AlphaDEX","67.0648","0.4248","up","0.64","4.83"
"FXN","First Trust Energy AlphaDEX Fund","10.01","-0.27","down","2.63","-38.33"
"FXO","First Trust Financials AlphaDEX","32.1","-0.03","down","0.09","-1.74"
"FXR","First Trust Industrials AlphaDEX","42.38","-0.25","down","0.59","-0.49"
"FXU","First Trust Utilities AlphaDEX Fund","29.81","0.04","up","0.13","6.7"
"FXZ","First Trust Materials AlphaDEX Fund","37.8153","-0.2647","down","0.7","-8.92"
"VNQ","Vanguard Real Estate ETF","92.51","0.37","up","0.4","10.72"
"VOE","Vanguard Mid-Cap Value ETF","113.98","0.04","up","0.04","-0.15"
"VONE","Vanguard Russell 1000 ETF","137.9282","0.2582","up","0.19","3.5"
"VONG","Vanguard Russell 1000 Growth ETF","167.2258","1.0658","up","0.64","4.82"
"VONV","Vanguard Russell 1000 Value ETF","113.91","0.09","up","0.08","2.53"
"VOO","Vanguard S&P 500 ETF","276.8601","1.0201","up","0.37","3.82"
"VOOG","Vanguard S&P 500 Growth ETF","164.41","1.1","up","0.67","4.03"
"VOOV","Vanguard S&P 500 Value ETF","116.4463","0.035","up","0.03","3.97"
"VOT","Vanguard Mid-Cap Growth ETF","150.079","0.659","up","0.44","4.66"
"VOX","Vanguard Communication Services  ETF","90.34","0.45","up","0.5","5.1"
"VPU","Vanguard Utilities ETF","141.1372","0.7172","up","0.51","16.11"
"VQT","Barclays PLC","163.4729","0","unch","0","-4.52"
"VRAI","Virtus Real Asset Income ETF","24.77","-0.1039","down","0.42","0.58"
"VSDA","VictoryShares Dividend Accelerator ETF","34.39","0.085","up","0.25","13.07"
"VSL","Volshares Large Cap ETF","28.9539","0","unch","0","14.94"
"VSMV","VictoryShares US Multi-Factor Minimum Volatility ETF","31.98","0.2","up","0.63","5.86"
"VTHR","Vanguard Russell 3000 ETF","136.99","0.18","up","0.13","2.66"
"VTI","Vanguard Total Stock Market ETF","153.61","0.45","up","0.29","2.52"
"VTV","Vanguard Value ETF","112.88","-0.01","down","0.01","1.93"
"VTWG","Vanguard Russell 2000 Growth ETF","145.79","-0.55","down","0.38","-7.65"
"VTWO","Vanguard Russell 2000 ETF","126.125","-0.215","down","0.17","-8.04"
"VTWV","Vanguard Russell 2000 Value ETF","106.63","-0.48","down","0.45","-8.79"
"VUG","Vanguard Growth ETF","169.49","1.25","up","0.74","5.55"
"VUSE","ETF Series Solutions Trust Vident Core US Equity ETF","31.45","-0.02","down","0.06","-9.15"
"VXF","Vanguard Extended Market ETF","119.45","0.06","up","0.05","-3.74"
"VYM","Vanguard High Dividend Yield ETF","89.65","0.08","up","0.09","2.42"
"WDRW","Direxion Daily Regional Banks Bear 3X Shares","25.33","0.3343","up","1.34","11.09"
"WOMN","Impact Shares Trust I ETF Impact Shares YWCA Womenas Empowerme","21.31","0.1044","up","0.49","5.24"
"XAR","SPDR S&P Aerospace & Defense ETF","109.4127","0.4527","up","0.42","11.62"
"XBI","SPDR Series Trust  SPDR S&P Biotech ETF","82.59","-0.79","down","0.95","-13.63"
"XES","SPDR Series Trust SPDR S&P Oil & Gas Equipment & Services ETF","8.04","-0.24","down","2.9","-47.36"
"XHB","SPDR Series Trust SPDR Homebuilders ETF","43.68","0.02","up","0.05","7.94"
"XHE","SPDR S&P Health Care Equipment","80.02","0.08","up","0.1","-9.1"
"XHS","SPDR S&P Health Care Services ETF","65.73","-0.6467","down","0.97","-11.26"
"XLB","Materials Select Sector SPDR","58.44","0.39","up","0.67","-1.89"
"XLE","SPDR Select Sector Fund - Energy Select Sector","60.58","-0.4","down","0.66","-16.99"
"XLEY","Cushing Energy & MLP ETF","23.5251","0","unch","0","-4.1"
"XLF","SPDR Select Sector Fund - Financial","28.13","0.01","up","0.04","-0.74"
"XLG","Invesco S&P 500 Top 50 ETF","216","0.96","up","0.45","3.59"
"XLI","SPDR Select Sector Fund - Industrial","78.83","-0.04","down","0.05","1.15"
"XLK","SPDR Select Sector Fund - Technology","81.87","0.55","up","0.68","9.24"
"XLP","SPDR Select Sector Fund - Consumer Staples","61.46","0.32","up","0.52","12.47"
"XLRE","Real Estate Select Sector SPDR Fund (The)","39.02","0.19","up","0.49","15.46"
"XLSY","Cushing Energy Supply Chain & MLP ETF","24.4412","0","unch","0","-0.69"
"XLTY","Cushing Transportation & MLP ETF","25.2698","0","unch","0","1.4"
"XLU","SPDR Select Sector Fund - Utilities","63.51","0.31","up","0.49","16.54"
"XLUY","Cushing Utility & MLP ETF","26.9742","0","unch","0","8.11"
"XLV","SPDR Select Sector Fund - Health Care","91.87","0.28","up","0.31","-0.69"
"XLY","SPDR Select Sector Fund - Consumer Discretionary","123.84","0.76","up","0.62","5.25"
"XME","SPDR S&P Metals & Mining ETF","27.86","0.05","up","0.18","-16.11"
"XMMO","Invesco S&P MidCap Momentum ETF","58.9099","0.2299","up","0.39","5.92"
"XMVM","Invesco S&P MidCap Value with Momentum ETF","32.82","-0.298","down","0.9","4.08"
"XNTK","SPDR NYSE Technology ETF","75.18","0.3698","up","0.49","-19.2"
"XOP","SPDR S&P Oil & Gas Explor & Product","23.22","-0.52","down","2.19","-41.8"
"XPH","SPDR S&P Pharmaceuticals ETF","37.3","-0.3","down","0.8","-22.86"
"XRLV","Invesco S&P 500 ex-Rate Sensitive Low Volatility ETF","39.5299","0.1399","up","0.36","8.66"
"XRT","SPDR S&P Retail ETF","43.515","-0.365","down","0.83","-15.97"
"XSD","SPDR S&P Semiconductor ETF","94.26","0.39","up","0.42","22.24"
"XSHD","Invesco Exchange-Traded Fund Trust II","24.0416","-0.1335","down","0.55","-9.35"
"XSHQ","Invesco Exchange-Traded Fund Trust II","27.9892","0","unch","0","-10.32"
"XSVM","Invesco S&P SmallCap Value with Momentum ETF","30.9156","-0.2532","down","0.81","-5.38"
"XSW","SPDR S&P Software & Services ETF","96.6533","0.3833","up","0.4","5.29"
"XTH","SPDR S&P Technology Hardware ETF","77.68","-0.7229","down","0.92","-1.24"
"XTL","SPDR S&P Telecom ETF","70.2276","-0.2481","down","0.35","-6.86"
"XTN","SPDR S&P Transportation ETF","63.0369","-0.3964","down","0.62","-7.96"
"XWEB","SPDR S&P Internet ETF","83.6299","0.1299","up","0.16","-15.62"
"YGRN","Bank Of Montreal","50.6806","0","unch","0","2.41"
"YLDE","ClearBridge Dividend Strategy ESG ETF","31.3433","0.0933","up","0.3","7.72"
"YMLI","VanEck Vectors High Income Infrastructure MLP ETF","10.8","0","unch","0","-21.28"
"YMLP","VanEck Vectors High Income MLP ETF","18.59","-0.1776","down","0.95","-13.39"
"ZIG","The Acquirers Fund","24.78","-0.1332","down","0.53","-0.69"
"FYC","First Trust Small Cap Growth AlphaDEX Fund","45.76","0.09","up","0.2","-13.49"
"FYT","First Trust Small Cap Value AlphaDEX Fund","35.22","-0.444","down","1.24","-9.16"
"FYX","First Trust Small Cap Core AlphaDEX Fund","61.85","-0.28","down","0.45","-10.84"
"GARD","Reality Shares ETF Trust","24.84","-0.05","down","0.2","-4.38"
"GASL","Direxion Daily Natural Gas Related Bull 3X Shares","10.95","-0.65","down","5.6","-87.95"
"GENY","Principal Millennials Index ETF","39.06","0.0921","up","0.24","1.4"
"GSEW","GOLDMAN SACHS ETF TRUST","47.8581","-0.0619","down","0.13","3.77"
"GSLC","Goldman Sachs ActiveBeta U.S. Large Cap Equity ETF","60.7161","0.1661","up","0.27","3.38"
"GSSC","GS ActiveBeta U.S. Small Cap Equity ETF","45.2699","0.2323","up","0.52","-8.07"
"GURU","Global X Guru Index ETF","34.2","0.1709","up","0.5","5.84"
"GUSH","Direxion Daily S&P Oil & Gas Exp. & Prod. Bull 3X Shares","3.87","-0.28","down","6.75","-87.53"
"GVIP","Goldman Sachs Hedge Industry VIP ETF","57.73","0.4329","up","0.76","-0.39"
"HDGE","Ranger Equity Bear Bear ETF","6.35","0.04","up","0.63","-14.96"
"HECO","Strategy Shs EcoLogical Strategy ETF","41.21","0.2762","up","0.67","-6.74"
"HEWW","iShares Currency Hedged MSCI Mexico ETF","16.0423","0","unch","0","-16.58"
"HIPS","GraniteShares HIPS US High Income ETF","16.6958","0","unch","0","-6.88"
"HLAL","Wahed FTSE USA Shariah ETF","25.2","0.08","up","0.32","0.6"
"HOML","ETRACS 2X Wells Fargo - BDCI","54.55","1.5269","up","2.88","28.09"
"HOMZ","Hoya Capital Housing ETF","28.34","0.1332","up","0.47","13.37"
"HONR","InsightShares Patriotic Employers ETF","26.5324","0","unch","0","8.25"
"HUSE","Strategy Shares US Market Rotation Strategy ETF","34.19","0.0786","up","0.23","-15.73"
"HUSV","First Trust Exchange-Traded Fund III First Trust Horizon Manag","27.4694","0.1594","up","0.58","12.99"
"HYDD","Direxion Daily High Yield Bear 2X Shares","15.8799","-0.0125","down","0.08","-13.18"
"HYXE","iShares iBoxx $ High Yield ex Oil & Gas Corporate Bond ETF","51.93","0.01","up","0.02","2.77"
"IAI","iShares U.S. Broker-Dealers & Securities Exchanges ETF","65.4946","0.0246","up","0.04","1.43"
"IAK","iShares U.S. Insurance ETF","71.11","-0.29","down","0.41","8.94"
"IAT","iShares U.S. Regional Banks ETF","46.78","-0.2","down","0.43","-9.91"
"ICF","iShares Trust","118.29","0.56","up","0.48","14.33"
"IDU","iShares U.S. Utilities ETF","159.95","0.92","up","0.58","15.66"
"IECS","iShares U.S. ETF Trust","28.19","0.16","up","0.57","10.18"
"IEDI","iShares U.S. ETF Trust","30.53","0.2378","up","0.79","5.73"
"IEFN","iShares U.S. ETF Trust","24.5968","0","unch","0","-1.34"
"IEHS","iShares U.S. ETF Trust","29.4221","0.1974","up","0.68","1.69"
"IEIH","iShares U.S. ETF Trust","24.83","-0.0348","down","0.14","-7.01"
"IEME","iShares U.S. ETF Trust","28.1144","-0.0217","down","0.08","4.58"
"IEO","iShares Trust","51.77","-0.64","down","1.22","-27.61"
"IETC","iShares U.S. ETF Trust","29.99","0.3472","up","1.17","6.21"
"IEZ","iShares U.S. Oil Equipment & Services ETF","18.9567","-0.4833","down","2.49","-42.87"
"IFRA","iShares Trust","27.64","-0.12","down","0.43","0.43"
"IGM","iShares Expanded Tech Sector ETF","222.92","1.71","up","0.77","6.89"
"IGN","iShares North American Tech-Multimedia Networking ETF","54.09","-0.21","down","0.39","-1.13"
"IGV","iShares Trust","216.1609","0.8109","up","0.38","6.44"
"IHE","iShares U.S. Pharmaceutical ETF","144.3987","-0.4321","down","0.3","-13.14"
"IHF","iShares U.S. Health Care Providers ETF","170.3203","-0.2797","down","0.16","-12.42"
"IHI","iShares U.S. Medical Devices ETF","250.58","2.16","up","0.87","13.22"
"MDY","SPDR MidCap Trust Series I","357.93","-0.55","down","0.15","-3.35"
"MDYG","SPDR S&P 400 Mid Cap Growth ETF (based on S&P MidCap 400 Growt","54.5953","0.0153","up","0.03","-3.86"
"MDYV","SPDR S&P 400 Mid Cap Value ETF (based on S&P MidCap 400 Value","52","-0.31","down","0.59","-3.18"
"MEXX","Direxion Daily MSCI Mexico Bull 3X Shares","9.965","0.0374","up","0.38","-46.45"
"MFUS","PIMCO Equitiy Series PIMCO RAFI Dynamic Multi-Factor U.S. Equi","30.35","0.3104","up","1.03","1.11"
"MGC","Vanguard Mega Cap ETF","104.345","0.455","up","0.44","4.11"
"MGK","Vanguard Mega Cap Growth ETF","135.0386","1.1586","up","0.87","5.83"
"MGV","Vanguard Mega Cap Value ETF","81.905","0.045","up","0.05","2.43"
"MIDU","Direxion Mid Cap Bull 3X Shares","42.61","-0.54","down","1.25","-20.4"
"MIDZ","Direxion Mid Cap Bear 3X Shares","49.52","0.65","up","1.33","-5.11"
"MILN","Global X Millennials Thematic ETF","25.3706","0.1606","up","0.64","6.64"
"MLPA","Global X MLP ETF","8.31","-0.08","down","0.95","-14.99"
"MLPE","Citigroup Inc.","19.71","0.0073","up","0.04","-12.39"
"MLPG","UBS AG","20.15","-0.2254","down","1.11","-19.46"
"MLPI","ETRACS 2X Wells Fargo - BDCI","20.86","-0.14","down","0.67","-15.25"
"MLPX","Global X MLP & Energy Infrastructure ETF","12.2157","-0.0543","down","0.44","-9.98"
"MLPY","Morgan Stanley","5.4345","0.0045","up","0.08","-19.67"
"MMTM","SPDR S&P 1500 Momentum Tilt ETF","130.793","0","unch","0","2.42"
"MOAT","VanEck Vectors Morningstar Wide Moat ETF","50.73","-0.02","down","0.04","10.04"
"MOM","AGFiQ U.S. Market Neutral Momentum Fund","24.07","0.335","up","1.41","-6.52"
"MSUS","ETF Series Solutions","24.6716","0","unch","0","-5.73"
"MVV","ProShares Ultra MidCap400","41.03","-0.2","down","0.49","-10.66"
"MXDU","Nationwide Maximum Diversification U.S. Core Equity ETF","29.6618","0","unch","0","0.41"
"MYY","ProShares Short MidCap400","42.02","-0.0584","down","0.14","0.98"
"MZZ","ProShares UltraShort MidCap400","15.7927","0.088","up","0.56","-0.92"
"NACP","Impact Shares Trust I Impact Shares NAACP Minority Empowerment","21.6939","0","unch","0","6.24"
"NAIL","Direxion Daily Homebuilders & Supplies Bull 3X Shares","60.8063","1.2063","up","2.02","14.03"
"NFO","Invesco Insider Sentiment ETF","70.067","0","unch","0","5.02"
"NRGD","Bank Of Montreal","48.7388","0","unch","0","0.57"
"NRGO","Bank Of Montreal","45.5333","0","unch","0","-10.71"
"NRGU","Bank Of Montreal","41.873","0","unch","0","-18.68"
"NRGZ","Bank Of Montreal","50.215","0","unch","0","2.53"
"NULG","NuShares Enhanced Yield US Aggregate Bond ETF","38.44","0.23","up","0.6","3.69"
"NULV","NuShares Enhanced Yield US Aggregate Bond ETF","31.29","0.0752","up","0.24","2.99"
"NUMG","NuShares Enhanced Yield US Aggregate Bond ETF","33.2665","0.1049","up","0.32","-3.26"
"NUMV","NuShares Enhanced Yield US Aggregate Bond ETF","29.1499","-0.0459","down","0.16","1.34"
"NURE","NuShares Enhanced Yield US Aggregate Bond ETF","30.4582","-0.0918","down","0.3","9.26"
"NUSC","NuShares Enhanced Yield US Aggregate Bond ETF","29.77","-0.07","down","0.23","-6.95"
"OEF","iShares S&P 100 ETF","133.83","0.56","up","0.42","3.66"
"OIH","VanEck Vectors Oil Services ETF","12.8","-0.35","down","2.66","-44.61"
"OMFL","Oppenheimer ETF Trust","31.57","-0.22","down","0.69","10.54"
"OMFS","Oppenheimer ETF Trust","28.2456","0","unch","0","-1.69"
"OMOM","Oppenheimer ETF Trust","29.17","0.1666","up","0.57","2.16"
"ONEQ","Fidelity Nasdaq Composite Index Tracking Stock","323.36","2","up","0.62","2.7"
"ONLN","ProShares Online Retail ETF","36.04","-0.1267","down","0.35","-5.62"
"OQAL","Oppenheimer ETF Trust","29.4719","0","unch","0","3.85"
"OSCV","Opus Small Cap Value ETF","26.078","0","unch","0","0.84"
"OSIZ","Oppenheimer ETF Trust","28.3211","0","unch","0","-0.03"
"OUSA","O'Shares FTSE U.S. Quality Dividend ETF","34.9928","0.1045","up","0.3","7.32"
"OUSM","O'Shares FTSE Russell Small Cap Quality Dividend ETF","28.35","0.0368","up","0.13","-2.06"
"OVLU","Oppenheimer ETF Trust","27.77","0.0314","up","0.11","1.38"
"OVOL","Oppenheimer ETF Trust","29.9889","0.1618","up","0.54","9.38"
"OYLD","Oppenheimer ETF Trust","27.57","-0.0386","down","0.14","3.75"
"PAVE","Global X Funds","16.3335","-0.0265","down","0.16","-4.5"
"PBE","Invesco Dynamic Biotech & Genome ETF","49.8067","-0.3852","down","0.77","-13.66"
"PBJ","Invesco Dynamic Food & Beverage ETF","35.675","0.245","up","0.69","5.67"
"PBP","Invesco S&P 500 BuyWrite ETF","21.839","0.029","up","0.13","-3.84"
"PBS","Invesco Dynamic Media ETF","32.81","0.12","up","0.37","1.71"
"PBSM","Invesco Exchange-Traded Fund Trust II","27.2054","0","unch","0","-9.32"
"PBUS","Invesco Exchange-Traded Fund Trust II","29.99","0.0646","up","0.22","3.51"
"PDP","Invesco DWA Momentum ETF","61.48","0.5904","up","0.97","1.81"
"PEJ","Invesco Dynamic Leisure and Entertainment ETF","43.7494","0.2626","up","0.6","-5.48"
"PEXL","Pacer US Export Leaders ETF","26.4592","0","unch","0","5.75"
"PEY","Invesco High Yield Equity Dividend Achievers ETF","18.54","-0.04","down","0.22","2.14"
"PEZ","Invesco DWA Consumer Cyclicals Momentum ETF","54.76","0","unch","0","-8.55"
"PFFD","Global X Funds","24.9598","0.0398","up","0.16","2.38"
"PFFR","ETFIS Series Trust I ETF","25.2","0.0596","up","0.24","1.05"
"PFI","Invesco DWA Financial Momentum ETF","37.5201","0.2201","up","0.59","5.55"
"PFM","Invesco Dividend Achievers ETF","29.8455","0.1635","up","0.55","7.9"
"PFXF","VanEck Vectors Preferred Securities ex Financials ETF","20.07","0.02","up","0.1","2.51"
"PGF","Invesco Financial Preferred ETF","18.7764","0.0364","up","0.19","2.13"
"PILL","Direxion Daily Pharmaceutical & Medical Bull 3X Shares","14.335","-0.335","down","2.28","-56.73"
"PJAN","Innovator ETFs Trust","27.833","0.0178","up","0.06","10.03"
"PJP","Invesco Dynamic Pharmaceuticals ETF","57.93","-0.19","down","0.33","-18.95"
"PJUL","Innovator ETFs Trust","26.1","-0.015","down","0.06","2.69"
"PJUN","Innovator ETFs Trust","26.56","0.045","up","0.17","4.35"
"PKB","Invesco Dynamic Building & Construction ETF","32.2181","0.1937","up","0.6","3.14"
"PKW","Invesco BuyBack Achievers ETF","63.63","-0.16","down","0.25","5.37"
"PLC","Principal U.S. Large-Cap Multi-Factor Core Index ETF","24.9","0","unch","0","-0.4"
"PMOM","Principal Sustainable Momentum Index ETF","28.19","0","unch","0","-6.75"
"PMR","Invesco Dynamic Retail ETF","39.62","-0.0409","down","0.1","-6.44"
"PNQI","Invesco Nasdaq Internet ETF","136.72","0.9","up","0.66","1.78"
"PPA","Invesco Aerospace & Defense ETF","68.12","0.32","up","0.47","13.76"
"PPLC","PortfolioPlus S&P 500 ETF","40.89","0.152","up","0.37","2.41"
"PPLN","J P Morgan Chase & Co","15.7898","0","unch","0","-16.98"
"PPMC","PortfolioPlus S&P Mid Cap ETF","25.2","-0.2049","down","0.81","-8.29"
"PPSC","PortfolioPlus S&P Small Cap ETF","36.5722","0","unch","0","-15.09"
"PQLC","PGIM QMA Strategic Alpha Large-Cap Core ETF","53.3817","0","unch","0","8.1"
"PQSG","PGIM QMA Strategic Alpha Small-Cap Growth ETF","50.2848","0","unch","0","0.79"
"PQSV","PGIM ETF Trust ETF PGIM QMA Strategic Alpha Small-Cap Value ET","50.4818","0","unch","0","1.65"
"PRF","Invesco FTSE RAFI US 1000 ETF","119.5307","-0.0093","down","0.01","0.78"
"PRFZ","Invesco FTSE RAFI US 1500 Small-Mid ETF","130.4","-0.06","down","0.05","-9.19"
"PRID","InsightShares LGBT Employment Equality ETF","27.9","0.1436","up","0.52","3.61"
"PRN","Invesco DWA Industrials Momentum ETF","66.4939","0.2285","up","0.34","0.88"
"PSC","Principal U.S. Small-Cap Multi-Factor Index ETF","31.66","0.3543","up","1.13","-12.06"
"PSCC","Invesco S&P SmallCap Consumer Staples ETF","77.5344","1.1844","up","1.55","-10.79"
"PSCD","Invesco S&P SmallCap Consumer Discretionary ETF","61.41","0.61","up","1","-13.43"
"PSCE","Invesco S&P SmallCap Energy ETF","7.6053","-0.1947","down","2.5","-50.32"
"PSCF","Invesco S&P SmallCap Financials ETF","54.7814","-0.1027","down","0.19","-7.88"
"PSCH","Invesco S&P SmallCap Health Care ETF","117.91","-0.44","down","0.37","-17.31"
"PSCI","Invesco S&P SmallCap Industrials ETF","68.49","-0.24","down","0.35","-8.04"
"PSCM","Invesco S&P SmallCap Materials ETF","46.22","0.0025","up","0.01","-15.46"
"PSCT","Invesco S&P SmallCap Information Technology ETF","88.9571","0.3071","up","0.35","2.37"
"PSCU","Invesco S&P SmallCap Utilities & Communication Services ETF","55.43","0.1262","up","0.23","-2.72"
"PSET","Principal Price Setters Index ETF","38.72","0.2701","up","0.7","9.05"
"PSI","Invesco Dynamic Semiconductors ETF","59.954","0.004","up","0.01","11.51"
"PSJ","Invesco Dynamic Software ETF","94.1914","0.5014","up","0.54","6.98"
"PSL","Invesco DWA Consumer Staples Momentum ETF","74.08","0.5305","up","0.72","0.88"
"PSM","Principal U.S. Small-MidCap Multi-Factor Core Index ETF","24.28","0","unch","0","-3.31"
"PSQ","ProShares Short QQQ","27.15","-0.19","down","0.69","-8.32"
"PSR","Invesco Active U.S. Real Estate Fund","94.74","0.35","up","0.37","13.14"
"PTF","Invesco DWA Technology Momentum ETF","71.8653","0.9753","up","1.38","4.63"
"PTH","Invesco DWA Healthcare Momentum ETF","82.13","0","unch","0","-16.14"
"PTLC","Pacer Funds","31.4372","0.1272","up","0.41","0.42"
"PTMC","Pacer Funds","29.4841","-0.0259","down","0.09","-12.22"
"PTNQ","Pacer Funds","36.8089","0.2289","up","0.63","2.84"
"PUI","Invesco DWA Utilities Momentum ETF","34.3583","0.2483","up","0.73","17.58"
"PVAL","Principal Contrarian Value Index ETF","26.94","0.06","up","0.22","-2.15"
"PWB","Invesco Dynamic Large Cap Growth ETF","48.8677","0.5071","up","1.05","1.47"
"PWC","Invesco Dynamic Market ETF","95.78","0.4161","up","0.44","-9.82"
"PWV","Invesco Dynamic Large Cap Value ETF","38.9","-0.1","down","0.26","3.67"
"PXE","Invesco Dynamic Energy Exploration &Production ETF","15.421","-0.309","down","1.96","-39.62"
"PXI","Invesco DWA Energy Momentum ETF","26.532","-0.558","down","2.06","-35.5"
"PXJ","Invesco Dynamic Oil & Gas Services ETF","5.17","-0.1","down","1.9","-43.21"
"PXQ","Invesco Dynamic Networking ETF","57.62","0.2535","up","0.44","-1.72"
"PYPE","UBS AG","21.5234","0","unch","0","-11.21"
"PYZ","Invesco DWA Basic Materials Momentum ETF","59.2807","0.0607","up","0.1","-13.41"
